{"cameraMode":{"drawMode":0,"name":"Shaded","section":"Shading Mode"},"sceneLighting":true,"audioPlay":false,"sceneViewState":{"showFog":true,"showMaterialUpdate":false,"showSkybox":true,"showFlares":true,"showImageEffects":true,"showParticleSystems":true},"in2DMode":false,"pivot":{"x":54.887969970703128,"y":1.072946548461914,"z":34.066619873046878},"rotation":{"x":0.10967770218849182,"y":-0.7010138630867004,"z":0.11048118025064469,"w":0.6959744095802307},"size":5.957796096801758,"orthographic":false}