{"cameraMode":{"drawMode":0,"name":"Shaded","section":"Shading Mode"},"sceneLighting":true,"audioPlay":false,"sceneViewState":{"showFog":true,"showMaterialUpdate":false,"showSkybox":true,"showFlares":true,"showImageEffects":true,"showParticleSystems":true},"in2DMode":false,"pivot":{"x":49.999916076660159,"y":0.8432497978210449,"z":49.98760986328125},"rotation":{"x":-0.16623006761074067,"y":-0.4603536128997803,"z":0.08820831030607224,"w":-0.8675757050514221},"size":4.670254230499268,"orthographic":false}