{"cameraMode":{"drawMode":0,"name":"Shaded","section":"Shading Mode"},"sceneLighting":true,"audioPlay":false,"sceneViewState":{"showFog":true,"showMaterialUpdate":false,"showSkybox":true,"showFlares":true,"showImageEffects":true,"showParticleSystems":true},"in2DMode":false,"pivot":{"x":47.510066986083987,"y":1.0349029302597047,"z":48.17533874511719},"rotation":{"x":0.16620761156082154,"y":0.3502826392650604,"z":-0.06332377344369888,"w":0.9196191430091858},"size":4.098496437072754,"orthographic":false}