{"cameraMode":{"drawMode":0,"name":"Shaded","section":"Shading Mode"},"sceneLighting":true,"audioPlay":false,"sceneViewState":{"showFog":true,"showMaterialUpdate":false,"showSkybox":true,"showFlares":true,"showImageEffects":true,"showParticleSystems":true},"in2DMode":false,"pivot":{"x":55.204010009765628,"y":0.10500049591064453,"z":31.260711669921876},"rotation":{"x":-0.0508565790951252,"y":-0.9486866593360901,"z":0.23549093306064607,"w":-0.2048931121826172},"size":23.70509147644043,"orthographic":false}