{"cameraMode":{"drawMode":0,"name":"Shaded","section":"Shading Mode"},"sceneLighting":true,"audioPlay":false,"sceneViewState":{"showFog":true,"showMaterialUpdate":false,"showSkybox":true,"showFlares":true,"showImageEffects":true,"showParticleSystems":true},"in2DMode":false,"pivot":{"x":53.97059631347656,"y":1.0367364883422852,"z":34.547245025634769},"rotation":{"x":0.2978840470314026,"y":-0.4529536962509155,"z":0.16370858252048493,"w":0.8242154717445374},"size":4.643514156341553,"orthographic":false}