{"cameraMode":{"drawMode":0,"name":"Shaded","section":"Shading Mode"},"sceneLighting":true,"audioPlay":false,"sceneViewState":{"showFog":true,"showMaterialUpdate":false,"showSkybox":true,"showFlares":true,"showImageEffects":true,"showParticleSystems":true},"in2DMode":false,"pivot":{"x":46.09611511230469,"y":1.89179265499115,"z":66.64925384521485},"rotation":{"x":0.047493789345026019,"y":-0.7514345049858093,"z":0.05444417893886566,"w":0.6558825373649597},"size":5.389925479888916,"orthographic":false}